sp_elev,year,month,monthly_pet,monthly_tmed,monthly_prec
nigra_medium,1971,1,9.870938802011452,3.454838691219207,69.49999938160181
nigra_medium,1971,2,15.232870074601184,5.01785712156977,1.300000011920929
nigra_medium,1971,3,10.20155792017139,3.0387096638160367,62.00000037252903
nigra_medium,1971,4,23.00138046952479,5.6600000301996864,177.80000122636557
nigra_medium,1971,5,36.045817400159,7.516129001494376,33.400000125169754
nigra_medium,1971,6,73.959075732259,13.626666641235351,14.99999976158142
nigra_medium,1971,7,113.0676951098489,19.13225801529423,1.7999999523162842
nigra_medium,1971,8,118.18850770766014,20.932258175265403,0.9000000059604645
nigra_medium,1971,9,76.74700266487973,16.21666644414266,9.700000390410423
nigra_medium,1971,10,52.13006452330452,12.454838691219209,1.100000023841858
nigra_medium,1971,11,8.016973039589077,2.913333324591319,36.49999962747097
nigra_medium,1971,12,8.465817709318918,3.103225784436349,56.00000050663948
nigra_medium,1972,1,3.8250008238203734,1.564516144654443,73.30000020563602
nigra_medium,1972,2,6.453809372131026,2.4482758327804763,38.90000006556511
nigra_medium,1972,3,13.7926897007219,3.909677413682784,48.500000178813934
nigra_medium,1972,4,32.231239421911184,7.503333290417989,7.400000117719173
nigra_medium,1972,5,50.92467157222732,10.0322581068162,41.6999993249774
nigra_medium,1972,6,84.86629711412876,15.286666679382323,6.200000107288361
nigra_medium,1972,7,116.61289027697802,19.632258076821604,0
nigra_medium,1972,8,104.3564157302058,18.86451598136656,1.1000000089406967
nigra_medium,1972,9,57.19239163955262,12.683333333333334,46.1999998614192
nigra_medium,1972,10,37.57712342613614,9.474193526852517,130.29999869316816
nigra_medium,1972,11,23.961663016968984,7.273333311080933,45.70000026375055
nigra_medium,1972,12,11.648389842301528,4.051612904715922,14.299999922513962
nigra_medium,1973,1,7.983898422324264,2.893548419398646,40.600000359117985
nigra_medium,1973,2,5.480628688121409,2.1357142669813975,29.500000782310963
nigra_medium,1973,3,15.622984293971143,4.338709662037511,57.00000058114529
nigra_medium,1973,4,33.86577676529657,7.819999976952871,4.200000107288361
nigra_medium,1973,5,64.78587428585,12.267741941636608,25.499999046325684
nigra_medium,1973,6,83.53926356459328,15.08666664759318,4.0999999940395355
nigra_medium,1973,7,118.79457612033892,19.938709628197454,0
nigra_medium,1973,8,119.4101478608516,21.112903164279075,8.799999833106995
nigra_medium,1973,9,86.74129040600499,17.963333257039388,0
nigra_medium,1973,10,45.19762009842776,11.054838765052056,200.6999970972538
nigra_medium,1973,11,27.699740887867943,8.209999926884969,40.700000144541264
nigra_medium,1973,12,9.78772209497281,3.50322582644801,171.39999929070473
nigra_medium,1974,1,18.0443954991988,5.719354852553336,12.799999572336674
nigra_medium,1974,2,7.856934884226835,2.885714266183121,51.099999725818634
nigra_medium,1974,3,18.213914411712015,4.932258082974341,45.200000159442425
nigra_medium,1974,4,23.050021416912895,5.669999996821086,46.50000099092722
nigra_medium,1974,5,71.38311550460693,13.303225794146138,0.5000000149011612
nigra_medium,1974,6,88.24333889642233,15.79333324432373,20.199999816715717
nigra_medium,1974,7,121.58290907648085,20.32903197503859,0.5
nigra_medium,1974,8,114.62281755232095,20.40322586797899,0
nigra_medium,1974,9,79.32149737428047,16.6700000445048,0.8000000268220901
nigra_medium,1974,10,34.36973583505985,8.793548384020406,47.30000076442957
nigra_medium,1974,11,24.422346409847172,7.389999977747599,4.700000025331974
nigra_medium,1974,12,20.60598069795445,6.525806503911173,0
nigra_medium,1975,1,16.316874156167287,5.258064493056266,35.800000824034214
nigra_medium,1975,2,12.852192482145451,4.3535714490073065,30.099999383091927
nigra_medium,1975,3,10.50035009570419,3.1129032505616063,70.50000051409006
nigra_medium,1975,4,26.528734377792716,6.376666690905889,70.00000064820051
nigra_medium,1975,5,40.91066592613301,8.354838740441107,41.60000006854534
nigra_medium,1975,6,75.47716227765785,13.859999879201252,33.70000013709068
nigra_medium,1975,7,132.79334407045786,21.88387095543646,0.8000000268220901
nigra_medium,1975,8,111.83082644848056,19.987096755735337,0.6000000014901161
nigra_medium,1975,9,65.24946115807936,14.159999910990395,5.000000052154064
nigra_medium,1975,10,50.05263534868385,12.03870964050293,1.2000000476837158
nigra_medium,1975,11,18.38885318190309,5.829999968409538,18.099999636411667
nigra_medium,1975,12,4.477919886816081,1.8225806521311885,64.20000020414591
nigra_medium,1976,1,8.058516365057924,2.9161290423043313,40.29999876022339
nigra_medium,1976,2,7.2113858872737024,2.6862068936742585,18.39999996870756
nigra_medium,1976,3,16.264541593934734,4.487096755735336,12.899999752640724
nigra_medium,1976,4,18.633385200360763,4.746666677792867,95.7999981418252
nigra_medium,1976,5,56.04060852824815,10.867741923178396,46.69999998807907
nigra_medium,1976,6,87.06336222536312,15.616666730244956,3.7999999821186066
nigra_medium,1976,7,110.22189234238314,18.72903227036999,8.00000011920929
nigra_medium,1976,8,105.63901427879536,19.05806449151808,0
nigra_medium,1976,9,61.408351315620294,13.45999994277954,20.399999916553497
nigra_medium,1976,10,28.761873445473885,7.577419338687774,67.39999980479479
nigra_medium,1976,11,13.166701377774736,4.4100000301996864,6.5000001937150955
nigra_medium,1976,12,12.63167162358324,4.335483857700901,135.9999985843897
nigra_medium,1977,1,7.338580983845606,2.6967742152271734,52.700000166893005
nigra_medium,1977,2,13.079631129656455,4.417857140302658,10.70000009983778
nigra_medium,1977,3,26.930911047291858,6.8387096889557375,8.600000381469727
nigra_medium,1977,4,44.674403200456055,9.856666644414268,2.1000000536441803
nigra_medium,1977,5,49.22458067946105,9.751612847851169,26.20000010728836
nigra_medium,1977,6,73.18032916216313,13.506666723887124,2.7999999076128006
nigra_medium,1977,7,94.31457641564153,16.441935539245605,0.4000000134110451
nigra_medium,1977,8,89.44401839316372,16.58387110310216,0.6000000089406967
nigra_medium,1977,9,68.94259321576381,14.82666670481364,2.3000000715255737
nigra_medium,1977,10,37.94488766397395,9.55161286938575,68.50000158697367
nigra_medium,1977,11,18.64077889506737,5.896666693687439,48.29999929666519
nigra_medium,1977,12,16.498119845875056,5.4193548464006,49.20000022649765
nigra_medium,1978,1,4.757610386079758,1.877419336188224,11.89999996870756
nigra_medium,1978,2,14.650865866919174,4.857142892267023,131.40000069141388
nigra_medium,1978,3,22.953622538691352,5.9838709562055525,33.699999779462814
nigra_medium,1978,4,21.55011711241081,5.3599999964237215,63.899999380111694
nigra_medium,1978,5,41.32687517801508,8.425806453151088,76.60000038892031
nigra_medium,1978,6,62.44639209277167,11.829999987284342,18.000000417232513
nigra_medium,1978,7,122.85383366324358,20.5064515759868,0
nigra_medium,1978,8,108.727675562747,19.52258079282699,3.500000014901161
nigra_medium,1978,9,84.51162159854367,17.576666673024494,0
nigra_medium,1978,10,41.99703001829632,10.3967742612285,17.99999964237213
nigra_medium,1978,11,13.60857047002582,4.533333365122477,21.399999290704727
nigra_medium,1978,12,13.230071933679604,4.506451593291375,58.80000039935112
nigra_medium,1979,1,10.547457183542331,3.651612897073069,186.80000242590904
nigra_medium,1979,2,9.681010589900442,3.435714289546013,95.4000001847744
nigra_medium,1979,3,14.215925349002848,4.009677367825662,26.2000003233552
nigra_medium,1979,4,26.14748894695257,6.299999986092249,20.000000298023224
nigra_medium,1979,5,60.70978061614056,11.619354863320629,5.599999964237213
nigra_medium,1979,6,95.53504491443432,16.876666482289632,0.4000000059604645
nigra_medium,1979,7,116.42947479069784,19.606451803638087,20.799999833106995
nigra_medium,1979,8,115.88179863888034,20.59032243297946,0
nigra_medium,1979,9,62.483640383060695,13.656666723887126,19.899999983608723
nigra_medium,1979,10,33.0911953757044,8.51935488177884,103.0000010728836
nigra_medium,1979,11,19.045024378499388,6.003333381811777,2.699999988079071
nigra_medium,1979,12,12.913368617747324,4.416129044948086,4.999999940395355
nigra_medium,1980,1,5.873020707316553,2.238709664633197,21.999999918043613
nigra_medium,1980,2,17.987364788673123,5.765517247134242,47.80000048875809
nigra_medium,1980,3,19.8073750329006,5.290322544113282,42.49999910593033
nigra_medium,1980,4,30.152041311652624,7.096666717529297,9.899999856948853
nigra_medium,1980,5,44.25941147369711,8.922580657466765,18.400000289082527
nigra_medium,1980,6,86.57432815813549,15.54333324432373,30.80000002682209
nigra_medium,1980,7,109.6541677154968,18.648387016788607,0
nigra_medium,1980,8,117.9269951164912,20.893548288652973,1.2000000476837158
nigra_medium,1980,9,77.4082208153759,16.333333365122478,3.8999999165534978
nigra_medium,1980,10,39.28292524806631,9.832258070668866,9.70000009983778
nigra_medium,1980,11,14.052810915119675,4.656666688124338,54.0999995470047
nigra_medium,1980,12,4.773506053253723,1.9225806473724305,0.800000011920929
nigra_medium,1981,1,10.91646852939624,3.758064497622751,0.5000000074505806
nigra_medium,1981,2,12.311551798348535,4.1999999816928595,0.10000000149011612
nigra_medium,1981,3,36.88053900100092,8.893548373253115,16.299999922513962
nigra_medium,1981,4,26.844357341936913,6.440000013510386,69.79999996721745
nigra_medium,1981,5,58.417621605724264,11.25161288630578,4.099999904632568
nigra_medium,1981,6,101.2757797037526,17.719999980926513,50.20000004768371
nigra_medium,1981,7,113.59261592334975,19.20645144677931,0
nigra_medium,1981,8,102.07554912956763,18.519354789487775,9.300000101327896
nigra_medium,1981,9,78.67656701384415,16.556666628519693,4.100000120699406
nigra_medium,1981,10,59.18480721025569,13.848387102926932,3.9999998807907104
nigra_medium,1981,11,31.94948207277976,9.250000015894573,0
nigra_medium,1981,12,12.530511862264945,4.306451612903226,134.7999992147088
nigra_medium,1982,1,11.332658662665422,3.8774193474842655,58.19999948889017
nigra_medium,1982,2,9.36872994807437,3.3428571426442693,34.300000697374344
nigra_medium,1982,3,25.493147625714005,6.532258074129781,22.49999985843897
nigra_medium,1982,4,30.69519224366758,7.203333361943563,44.70000106096268
nigra_medium,1982,5,59.11980928230074,11.364516089039464,15.499999821186066
nigra_medium,1982,6,102.98805090553748,17.9700000445048,0.800000011920929
nigra_medium,1982,7,129.68384877955174,21.45483878351027,0
nigra_medium,1982,8,108.79217693277836,19.53225809527982,0.800000011920929
nigra_medium,1982,9,74.01770045083231,15.733333333333333,0
nigra_medium,1982,10,39.37548354235754,9.851612937065862,25.700000017881393
nigra_medium,1982,11,19.323765375183427,6.076666712760925,118.3000026717782
nigra_medium,1982,12,7.723630135013531,2.874193533774345,1.399999976158142
nigra_medium,1983,1,21.417770723913616,6.599999998846362,0
nigra_medium,1983,2,8.207300471818838,2.992857163771987,9.90000007301569
nigra_medium,1983,3,31.911985852550377,7.8806451712885215,13.700000166893004
nigra_medium,1983,4,30.882267103889767,7.239999985694885,0.5000000149011612
nigra_medium,1983,5,54.74916196195947,10.658064549969088,0.800000011920929
nigra_medium,1983,6,108.06063408155308,18.70666675567627,1.5999999642372131
nigra_medium,1983,7,131.36568057645582,21.687096688055224,0
nigra_medium,1983,8,100.60912883571038,18.29677415663196,8.199999809265137
nigra_medium,1983,9,90.49128443781257,18.61000003814697,0
nigra_medium,1983,10,60.2753365617294,14.06129031027517,0.5000000074505806
nigra_medium,1983,11,29.064489523613588,8.546666669845582,97.2000009417534
nigra_medium,1983,12,17.478223259088026,5.687096766887173,65.89999971538782
nigra_medium,1984,1,8.390325289798119,3.0161290370648906,4.300000190734863
nigra_medium,1984,2,8.639968001380701,3.1241379524099417,21.79999966919422
nigra_medium,1984,3,9.801108930863178,2.938709674342986,35.099999867379665
nigra_medium,1984,4,39.34148419926375,8.863333288828532,46.100000470876694
nigra_medium,1984,5,27.226557592834272,5.945161288784396,123.80000096559525
nigra_medium,1984,6,78.0912767617428,14.259999910990397,1.600000023841858
nigra_medium,1984,7,138.31682155457776,22.64193541003812,0
nigra_medium,1984,8,105.27535112076396,19.00322591104815,0
nigra_medium,1984,9,81.07091698926041,16.9766668955485,1.100000023841858
nigra_medium,1984,10,44.83484927949995,10.980645256657754,0.10000000149011612
nigra_medium,1984,11,25.41432730449463,7.639999953905741,111.19999986886978
nigra_medium,1984,12,13.491158034968612,4.58064512596015,0
nigra_medium,1985,1,5.131697870840466,2.000000004806826,7.3000000566244125
nigra_medium,1985,2,21.543388544705316,6.703571472849164,68.70000153779984
nigra_medium,1985,3,15.386969674507574,4.283870981104912,2.799999952316284
nigra_medium,1985,4,42.01191960376405,9.363333400090536,17.09999990463257
nigra_medium,1985,5,46.547665625393535,9.306451689812445,32.699999526143074
nigra_medium,1985,6,99.56825458822004,17.469999980926513,7.700000107288361
nigra_medium,1985,7,135.11574381646898,22.20322596642279,0
nigra_medium,1985,8,127.73144049210418,22.33548398171702,1.399999976158142
nigra_medium,1985,9,92.45382869795726,18.946666717529297,4.599999971687794
nigra_medium,1985,10,56.12935018448984,13.248387121385145,0.5
nigra_medium,1985,11,23.85656701788253,7.246666632095972,67.79999969154596
nigra_medium,1985,12,15.539135296500891,5.154838731212001,9.29999988526106
nigra_medium,1986,1,12.424143041318729,4.187096770251951,26.300000548362732
nigra_medium,1986,2,9.081980600018376,3.257142849000437,37.40000046789646
nigra_medium,1986,3,22.64300081183031,5.916129027643511,22.50000035762787
nigra_medium,1986,4,18.947002133225727,4.813333323846261,37.400000028312206
nigra_medium,1986,5,80.92860338529569,14.774193594532628,5.599999904632568
nigra_medium,1986,6,97.77485358775508,17.206666660308837,47.89999847859144
nigra_medium,1986,7,130.87477856843407,21.619354801793257,13.699999906122684
nigra_medium,1986,8,124.03148849993256,21.793548522457,0.10000000149011612
nigra_medium,1986,9,82.06247700006762,17.149999809265136,12.7000003606081
nigra_medium,1986,10,48.148724096755686,11.654838777357533,68.60000003129244
nigra_medium,1986,11,23.240671963294773,7.090000057220459,21.200000286102295
nigra_medium,1986,12,12.384628935001585,4.2645161055749465,5.799999907612801
nigra_medium,1987,1,8.767555276009775,3.1290322739270424,118.70000106096268
nigra_medium,1987,2,11.415029655568077,3.942857118589538,42.10000038146973
nigra_medium,1987,3,31.833840425657883,7.864516135184996,3.0999999791383743
nigra_medium,1987,4,48.47890719282633,10.553333373864492,10.200000025331974
nigra_medium,1987,5,67.67076357243091,12.722580663619503,0
nigra_medium,1987,6,97.63886526702946,17.18666664759318,2.5
nigra_medium,1987,7,113.5012968088065,19.193548264042025,6.200000107288361
nigra_medium,1987,8,121.11514672601338,21.36451616594868,14.699999809265137
nigra_medium,1987,9,91.7535134916863,18.826666514078777,3.8999999538064
nigra_medium,1987,10,43.13789009569911,10.632258153730824,42.89999943226576
nigra_medium,1987,11,19.09565474209388,6.016666649281978,45.40000115334987
nigra_medium,1987,12,15.970678380386175,5.274193548387097,84.69999873638153
nigra_medium,1988,1,10.950118066415074,3.7677419416366087,57.60000095516443
nigra_medium,1988,2,10.2727784875317,3.610344812787812,22.30000050365925
nigra_medium,1988,3,31.27212703080653,7.748387077883367,11.5
nigra_medium,1988,4,35.63529875569797,8.160000006357828,43.89999958127737
nigra_medium,1988,5,56.73804188040883,10.980645133603003,26.200000271201137
nigra_medium,1988,6,72.53241139669234,13.406666692097982,7.500000149011612
nigra_medium,1988,7,123.59427592476388,20.609677253230924,0.30000001192092896
nigra_medium,1988,8,128.76972861123096,22.487096663444273,0
nigra_medium,1988,9,84.68427037938305,17.606666596730552,6.200000204145908
nigra_medium,1988,10,52.22702594759176,12.474193634525422,55.300000101327896
nigra_medium,1988,11,22.497324054881943,6.9000000278155005,36.90000036358833
nigra_medium,1988,12,14.693499510828524,4.919354815636912,2.500000096857548
nigra_medium,1989,1,8.702694228859867,3.1096774310834947,5.300000041723251
nigra_medium,1989,2,12.852192339256783,4.353571408561298,7.400000132620335
nigra_medium,1989,3,34.12845417431677,8.335483862507727,57.09999990463257
nigra_medium,1989,4,23.439755870459727,5.7499999860922495,39.2999999076128
nigra_medium,1989,5,60.75012303505742,11.625806516216649,58.19999948889017
nigra_medium,1989,6,94.51978628886783,16.72666664123535,10.899999856948853
nigra_medium,1989,7,139.59124046732845,22.81612906917449,0
nigra_medium,1989,8,127.17972235777688,22.25483875889932,1.0000000074505806
nigra_medium,1989,9,74.20540491787614,15.766666666666667,109.50000009685756
nigra_medium,1989,10,50.74356646882083,12.17741932407502,46.80000019073486
nigra_medium,1989,11,23.30606628483684,7.106666644414266,137.49999952316284
nigra_medium,1989,12,16.13446897240689,5.319354834095124,108.40000001341105
nigra_medium,1990,1,7.485892203897441,2.741935487716429,27.000000178813934
nigra_medium,1990,2,30.59085311243138,8.985714282308306,0.4000000134110451
nigra_medium,1990,3,27.76914958023685,7.016129032258065,34.6000005081296
nigra_medium,1990,4,24.320546014553265,5.929999985297521,62.10000016540289
nigra_medium,1990,5,59.54178286968035,11.432258159883562,33.499999955296516
nigra_medium,1990,6,102.713770051997,17.929999923706056,5.599999904632568
nigra_medium,1990,7,126.49360178457825,21.012903398083104,10.600000381469728
nigra_medium,1990,8,117.1430350649556,20.77741942867156,2.000000052154064
nigra_medium,1990,9,90.43309675837838,18.599999968210856,31.299999870359898
nigra_medium,1990,10,41.66977288194606,10.329032344202842,71.40000005066395
nigra_medium,1990,11,22.692556011355887,6.949999996026357,9.50000023841858
nigra_medium,1990,12,7.869085690566082,2.9193548310187554,6.700000070035458
nigra_medium,1991,1,10.003439440007108,3.493548389404051,1.4000000357627869
nigra_medium,1991,2,6.145024418545415,2.35000001665737,28.800000362098217
nigra_medium,1991,3,21.26125779682204,5.612903206579147,71.50000149011612
nigra_medium,1991,4,28.868520555574857,6.843333339691162,4.19999997317791
nigra_medium,1991,5,53.14681123816847,10.396774230464812,15.699999630451202
nigra_medium,1991,6,103.78872076091132,18.086666870117188,22.000000208616257
nigra_medium,1991,7,133.918529110079,22.038709702030307,2.6000000089406967
nigra_medium,1991,8,136.6561279425746,23.63225819987635,0.800000011920929
nigra_medium,1991,9,85.68293053685261,17.780000019073487,42.19999970495701
nigra_medium,1991,10,36.41645240873058,9.229032285751837,38.599999859929085
nigra_medium,1991,11,22.601413472927295,6.926666732132435,36.19999933242798
nigra_medium,1991,12,15.457711306917089,5.132258030676073,12.799999989569187
nigra_medium,1992,1,5.410258698859644,2.090322579347318,73.10000038146973
nigra_medium,1992,2,14.246367255150403,4.744827541297879,48.60000089555979
nigra_medium,1992,3,23.53232399598965,6.109677384697622,33.09999993443489
nigra_medium,1992,4,42.38805900805775,9.433333333333334,6.0000001937150955
nigra_medium,1992,5,66.91174154338087,12.603225869517171,15.600000202655792
nigra_medium,1992,6,62.2569285668615,11.800000015894572,38.100000239908695
nigra_medium,1992,7,117.41589541743586,19.74516127186437,9.20000023394823
nigra_medium,1992,8,123.65808839475604,21.73870978816863,0.6000000163912773
nigra_medium,1992,9,84.03234477999409,17.493333339691162,9.90000019967556
nigra_medium,1992,10,36.23373820858072,9.190322599103371,31.700000397861004
nigra_medium,1992,11,30.193978859543336,8.823333326975504,21.400000289082527
nigra_medium,1992,12,11.150731547455926,3.906451611749587,0.4000000059604645
nigra_medium,1993,1,12.58467802645893,4.2322580778310375,3.0999999046325684
nigra_medium,1993,2,6.86696337419422,2.57857141324452,76.89999847859144
nigra_medium,1993,3,22.318337535310334,5.845161347619949,27.40000020712614
nigra_medium,1993,4,33.451590060011284,7.740000029404958,21.69999992102385
nigra_medium,1993,5,52.456872791024544,10.283870927749142,17.700000017881393
nigra_medium,1993,6,90.29776131351134,16.099999968210856,0.10000000149011612
nigra_medium,1993,7,128.23846884732427,21.254838697371945,0
nigra_medium,1993,8,121.44348511646864,21.4129032011955,0.4000000059604645
nigra_medium,1993,9,70.18718920816013,15.049999936421711,0.10000000149011612
nigra_medium,1993,10,31.285128326851613,8.129032304210048,36.19999918341637
nigra_medium,1993,11,15.57050947255105,5.073333382606506,11.799999989569187
nigra_medium,1993,12,15.818833950314543,5.232258081436157,0.20000000298023224
nigra_medium,1994,1,9.727725975074044,3.41290325599332,21.900000028312206
nigra_medium,1994,2,13.029032597529415,4.40357143192419,50.50000048428774
nigra_medium,1994,3,36.672524636140466,8.851612829392955,3.900000013411045
nigra_medium,1994,4,29.728819155368555,7.01333334048589,21.80000004172325
nigra_medium,1994,5,74.35525197396979,13.76451624593427,0.4000000134110451
nigra_medium,1994,6,108.08367654909704,18.70999994277954,0
nigra_medium,1994,7,160.0415942574748,25.57741921947848,0.699999988079071
nigra_medium,1994,8,140.30269271805932,24.158064380768806,0.8999999761581421
nigra_medium,1994,9,73.81131553833731,15.696666606267293,14.900000385940077
nigra_medium,1994,10,46.875675593485944,11.396774199701124,56.80000081658363
nigra_medium,1994,11,30.289559219588806,8.846666701634724,12.499999858438969
nigra_medium,1994,12,16.064239445106633,5.30000001768912,0
nigra_medium,1995,1,11.490798626399314,3.9225806358360473,0.5
nigra_medium,1995,2,23.814911328763213,7.289285703961339,22.1999996304512
nigra_medium,1995,3,26.824530641430975,6.816129094169986,19.499999538064003
nigra_medium,1995,4,37.99963299612429,8.61000000635783,1.2000000402331352
nigra_medium,1995,5,80.44248640411024,14.699999932319889,2.900000050663948
nigra_medium,1995,6,91.73148005688424,16.31333325703939,52.29999925196171
nigra_medium,1995,7,134.88085604854228,22.17096762503347,0
nigra_medium,1995,8,119.71588062576976,21.158064503823557,2.7999999076128006
nigra_medium,1995,9,67.79415677755102,14.620000076293945,0.30000001192092896
nigra_medium,1995,10,56.65311684222851,13.35161292168402,3.800000004470349
nigra_medium,1995,11,30.439856437664716,8.883333269755045,13.700000122189522
nigra_medium,1995,12,14.83197183008647,4.95806453304906,49.89999967068434
nigra_medium,1996,1,10.905255852389228,3.754838697371944,88.39999975264072
nigra_medium,1996,2,4.785561017154629,1.9068965557320363,21.49999962002039
nigra_medium,1996,3,19.850743576373276,5.300000004230007,14.799999922513962
nigra_medium,1996,4,40.61969462274193,9.103333298365277,28.50000039488077
nigra_medium,1996,5,54.550919189529395,10.625806577744022,51.39999943226576
nigra_medium,1996,6,95.82867439022051,16.91999994913737,3.800000011920929
nigra_medium,1996,7,123.80265822347724,20.638709652808405,6.599999822676182
nigra_medium,1996,8,111.52850347683987,19.941935570009292,5.600000001490116
nigra_medium,1996,9,61.91827550050604,13.55333334604899,26.999999910593033
nigra_medium,1996,10,47.54332712772629,11.532258126043503,17.200000405311584
nigra_medium,1996,11,22.497324155661996,6.90000005364418,55.79999923706055
nigra_medium,1996,12,10.39473483492422,3.683870935391995,189.50000095367432
nigra_medium,1997,1,8.594769059128852,3.077419362962246,121.4000004529953
nigra_medium,1997,2,24.3605090074058,7.428571428571429,0
nigra_medium,1997,3,38.61605149511519,9.241935468489125,11.800000190734863
nigra_medium,1997,4,42.22678876295434,9.40333333015442,50.69999981671572
nigra_medium,1997,5,60.44766339130917,11.57741928100586,27.10000043362379
nigra_medium,1997,6,88.37708580308475,15.813333288828533,15.500000387430193
nigra_medium,1997,7,108.42953594326896,18.47419378834386,0
nigra_medium,1997,8,109.88967300713168,19.696774175090173,1.899999976158142
nigra_medium,1997,9,77.63513813003553,16.373333390553793,92.5000001937151
nigra_medium,1997,10,52.437208649839064,12.516128970730689,9.499999836087229
nigra_medium,1997,11,20.240607192478624,6.316666658719381,55.39999993145466
nigra_medium,1997,12,12.981127251609715,4.435483872890472,105.40000234544276
nigra_medium,1998,1,12.14973356271888,4.109677410894824,6.700000002980232
nigra_medium,1998,2,18.597813551725633,5.928571454116276,25.100000202655792
nigra_medium,1998,3,37.26507167201637,8.970967746550038,23.299999237060547
nigra_medium,1998,4,27.027366100710488,6.47666667625308,5.500000037252903
nigra_medium,1998,5,51.70948342532185,10.161290353344333,94.70000019669531
nigra_medium,1998,6,108.5908375891022,18.783333333333335,16.899999618530273
nigra_medium,1998,7,145.4685427648604,23.616128859981412,0
nigra_medium,1998,8,125.3728525363181,21.990322420673987,7.799999833106995
nigra_medium,1998,9,79.77726168280068,16.75,25.700000405311584
nigra_medium,1998,10,46.84392156412747,11.39032260833248,0.4000000059604645
nigra_medium,1998,11,25.28168957498853,7.606666688124339,4.799999952316284
nigra_medium,1998,12,13.661881506403244,4.629032309978239,22.59999952465296
nigra_medium,1999,1,11.649297216056688,3.967741940290697,28.799999825656418
nigra_medium,1999,2,11.588476307145337,3.9928570964506696,29.39999971538782
nigra_medium,1999,3,25.02681727699738,6.432258052210654,21.10000044107437
nigra_medium,1999,4,46.925466311545726,10.270000020662945,0
nigra_medium,1999,5,85.66644435121847,15.493548439395044,2.5000000298023224
nigra_medium,1999,6,108.26805458350944,18.736666774749757,1.5000000447034836
nigra_medium,1999,7,142.31164754431026,23.187096811109974,1.399999976158142
nigra_medium,1999,8,136.05362347356564,23.54516115496235,0
nigra_medium,1999,9,76.53938558024609,16.179999955495198,6.299999892711639
nigra_medium,1999,10,49.69973981498278,11.967741920102029,70.59999942034483
nigra_medium,1999,11,15.399266397822956,5.026666682958603,37.60000114887953
nigra_medium,1999,12,11.892977058881252,4.122580670541333,24.49999973922968
nigra_medium,2000,1,7.739534665256854,2.819354850919016,3.499999962747097
nigra_medium,2000,2,30.241974388812785,8.899999914498165,0
nigra_medium,2000,3,31.99016256140115,7.896774168937437,7.70000009983778
nigra_medium,2000,4,26.064730130620603,6.283333373069763,30.199999503791332
nigra_medium,2000,5,69.77043216899865,13.051612961676812,125.10000000149012
nigra_medium,2000,6,111.75778665104734,19.24000005722046,0.10000000149011612
nigra_medium,2000,7,138.4347419991977,22.658064380768806,0
nigra_medium,2000,8,125.1527953171732,21.958064540739983,0.30000001192092896
nigra_medium,2000,9,84.39655405649663,17.556666628519693,18.39999957382679
nigra_medium,2000,10,41.98143667206501,10.393548427089568,69.00000128895044
nigra_medium,2000,11,15.497081405139292,5.053333350022634,14.599999845027924
nigra_medium,2000,12,15.59733798385938,5.170967721169995,64.00000113248825
nigra_medium,2001,1,10.558608541211182,3.654838689392613,35.3000006377697
nigra_medium,2001,2,12.877431037820676,4.360714312110629,9.49999975413084
nigra_medium,2001,3,36.81651448298352,8.880645228970435,26.500000149011612
nigra_medium,2001,4,43.50176027358662,9.6399999777476,8.900000005960464
nigra_medium,2001,5,58.217251052809594,11.219354933308017,57.89999953657389
nigra_medium,2001,6,123.41616677630417,20.903333282470705,2.9000000953674316
nigra_medium,2001,7,134.7399578872354,22.151612927836755,0.4000000059604645
nigra_medium,2001,8,128.79183580560812,22.49032260525611,0.9000000134110451
nigra_medium,2001,9,78.25972198844562,16.483333365122476,31.899999223649505
nigra_medium,2001,10,55.57372751537672,13.138709775863155,102.70000091195108
nigra_medium,2001,11,13.572654220418844,4.523333368698756,44.20000024884939
nigra_medium,2001,12,10.886789178222392,3.829032256718605,37.70000018179417
nigra_medium,2002,1,14.020967332190557,4.632258072976144,3.9999999180436134
nigra_medium,2002,2,24.54282448783505,7.475000015326908,0.5000000149011612
nigra_medium,2002,3,26.627150190459755,6.774193523872283,58.499999299645424
nigra_medium,2002,4,34.17696541526751,7.880000070730845,60.09999983012676
nigra_medium,2002,5,60.246163351692935,11.545161393380932,18.099999822676185
nigra_medium,2002,6,116.9209779483792,19.9799999554952,45.79999923706055
nigra_medium,2002,7,128.8908899421945,21.345161130351404,0.10000000149011612
nigra_medium,2002,8,112.4574953400048,20.080645099762947,6.200000002980232
nigra_medium,2002,9,74.50589484676213,15.820000076293946,8.300000198185444
nigra_medium,2002,10,49.49140395134605,11.92580646084201,7.599999986588955
nigra_medium,2002,11,22.95329519899568,7.016666642824808,76.79999974370003
nigra_medium,2002,12,14.808878222761656,4.951612893612154,49.59999980777502
nigra_medium,2003,1,4.1480653077205325,1.674193516854317,27.099999852478504
nigra_medium,2003,2,5.678629108482823,2.200000004310693,71.99999972432852
nigra_medium,2003,3,27.418100143053405,6.94193552170069,36.50000029057264
nigra_medium,2003,4,33.93488935214686,7.833333333333333,24.50000047683716
nigra_medium,2003,5,71.4452623843577,13.312903204271873,29.999999776482586
nigra_medium,2003,6,120.97078388604992,20.55666672388713,3.300000123679638
nigra_medium,2003,7,145.0406310490074,23.55806467610021,0
nigra_medium,2003,8,125.61499155754558,22.02580648852933,1.2000000029802322
nigra_medium,2003,9,79.13172194336651,16.63666664759318,3.5999999046325684
nigra_medium,2003,10,39.00546589507446,9.774193533005253,73.1000006198883
nigra_medium,2003,11,18.66600212936407,5.903333294391632,54.10000130534172
nigra_medium,2003,12,10.25328815046889,3.641935495118941,26.099999628961086
nigra_medium,2004,1,16.400766418641094,5.28064517628762,6.499999918043613
nigra_medium,2004,2,14.818171809753588,4.903448369996301,34.50000033527613
nigra_medium,2004,3,19.619625987581415,5.248387042553194,57.599999740719795
nigra_medium,2004,4,29.20539728071916,6.910000006357829,81.39999978989363
nigra_medium,2004,5,41.68688420207334,8.487096748044413,64.30000007152557
nigra_medium,2004,6,108.22195380370694,18.72999986012777,16.60000015795231
nigra_medium,2004,7,129.63718127921956,21.44838705370503,10.799999624490738
nigra_medium,2004,8,119.9561887181088,21.1935483255694,0
nigra_medium,2004,9,89.75470044363819,18.483333269755047,0.30000001192092896
nigra_medium,2004,10,52.32401558350283,12.493548300958448,10.700000002980232
nigra_medium,2004,11,21.009906259724193,6.51666663090388,12.000000409781933
nigra_medium,2004,12,7.279705797776728,2.735483882167647,51.49999973922968
nigra_medium,2005,1,9.80479782107226,3.4354838728904724,3.4000000953674316
nigra_medium,2005,2,1.9485099288073675,0.8999999777546951,45.799999333918095
nigra_medium,2005,3,22.171018621009846,5.812903250417402,19.800000205636024
nigra_medium,2005,4,42.872474544822275,9.523333398501078,11.799999743700027
nigra_medium,2005,5,81.73280290896624,14.896774122791903,14.00000023841858
nigra_medium,2005,6,114.1020520783144,19.576666736602785,1.0000000149011612
nigra_medium,2005,7,136.3382290862933,22.370967741935484,0
nigra_medium,2005,8,123.26292500870709,21.6806451735958,0.10000000149011612
nigra_medium,2005,9,73.75504587507866,15.686666711171467,12.8999999538064
nigra_medium,2005,10,51.14598409915006,12.258064500747189,17.00000025331974
nigra_medium,2005,11,13.41719785918228,4.480000025530656,15.799999818205832
nigra_medium,2005,12,8.014984620102977,2.964516143164327,2.7000000178813934
nigra_medium,2006,1,1.8138403192790853,0.8387096807841332,39.79999943077564
nigra_medium,2006,2,5.811265208466272,2.242857155789222,48.999998956918724
nigra_medium,2006,3,28.059698771020148,7.07741936176054,19.600000210106373
nigra_medium,2006,4,45.652467689158954,10.036666695276896,76.90000150352716
nigra_medium,2006,5,77.59898694129433,14.264516215170584,67.39999865740538
nigra_medium,2006,6,97.88820087233248,17.223333326975503,17.30000039935112
nigra_medium,2006,7,138.5998605220527,22.680645235123173,0.4000000059604645
nigra_medium,2006,8,117.14303485739072,20.77741939790787,0.30000001192092896
nigra_medium,2006,9,77.52166510337938,16.35333325068156,25.79999928176403
nigra_medium,2006,10,56.718643926171914,13.364516165948682,5.799999967217445
nigra_medium,2006,11,25.759718313116807,7.726666673024496,36.69999931752682
nigra_medium,2006,12,5.816379849536851,2.2677419392331952,16.800000458955765
nigra_medium,2007,1,16.04172870831006,5.183870942842576,27.000000096857548
nigra_medium,2007,2,14.97374184290725,4.946428622518267,22.200000166893005
nigra_medium,2007,3,18.842923972464938,5.074193569921678,17.59999990463257
nigra_medium,2007,4,22.936551656521328,5.646666635821263,71.39999933540821
nigra_medium,2007,5,62.04338713964426,11.832258116814398,59.29999981075525
nigra_medium,2007,6,95.80608288004908,16.91666669845581,0.6000000238418579
nigra_medium,2007,7,135.16272920538162,22.209677603936964,0
nigra_medium,2007,8,117.86163403427526,20.883871140018588,19.600000381469727
nigra_medium,2007,9,73.39883060650459,15.623333199818928,50.000000298023224
nigra_medium,2007,10,41.094204398599345,10.209677419354838,24.800000056624413
nigra_medium,2007,11,22.23744757391577,6.83333338101705,11.90000019222498
nigra_medium,2007,12,10.952677151383934,3.8483870798541657,16.30000028759241
nigra_medium,2008,1,14.854556633805428,4.861290333732482,23.8000004068017
nigra_medium,2008,2,15.230633228280375,5.017241395753006,24.60000018030405
nigra_medium,2008,3,26.566466052168185,6.7612902791269365,7.200000032782555
nigra_medium,2008,4,38.8462284339669,8.7699999888738,53.90000019222498
nigra_medium,2008,5,51.27759233404597,10.090322556034211,36.599999994039536
nigra_medium,2008,6,95.80608309549972,16.916666730244955,10.799999833106996
nigra_medium,2008,7,128.23846884732427,21.254838697371945,2.000000052154064
nigra_medium,2008,8,122.88990629173796,21.62580637778005,1.100000023841858
nigra_medium,2008,9,72.5375954768204,15.469999980926511,31.799999222159386
nigra_medium,2008,10,40.28753540998269,10.041935456375922,44.80000011622906
nigra_medium,2008,11,9.848909611698792,3.4599999820192653,32.00000020861626
nigra_medium,2008,12,6.274716554319539,2.4161290189912243,30.599999703466892
nigra_medium,2009,1,2.135482077140588,0.9612903604584356,26.70000027865171
nigra_medium,2009,2,9.034332249304851,3.2428571616432498,38.70000011473894
nigra_medium,2009,3,29.18059791230858,7.312903341266416,58.400000527501106
nigra_medium,2009,4,27.94545048927308,6.6599999944369,46.19999925792217
nigra_medium,2009,5,75.56636704493738,13.951612887843964,12.099999904632568
nigra_medium,2009,6,116.61757874191304,19.936666870117183,6.40000019967556
nigra_medium,2009,7,147.06315203554348,23.83225810143255,0
nigra_medium,2009,8,120.85258080060429,21.32580646391838,13.700000047683716
nigra_medium,2009,9,65.37815290175391,14.18333320617676,45.90000007301569
nigra_medium,2009,10,61.20318680961501,14.24193545310728,20.200000382959843
nigra_medium,2009,11,33.415399628093404,9.603333346048991,20.199999578297135
nigra_medium,2009,12,16.005753152869655,5.283870947457129,171.00000102072954
nigra_medium,2010,1,7.118524354261302,2.6290322126400087,87.60000067204237
nigra_medium,2010,2,10.444526000772688,3.6607142740062306,140.59999990463257
nigra_medium,2010,3,19.273788810922888,5.170967731504671,76.80000059306622
nigra_medium,2010,4,40.90464896977968,9.156666628519694,20.799999967217445
nigra_medium,2010,5,57.45687481468553,11.09677412433009,7.299999833106995
nigra_medium,2010,6,92.98901615988764,16.500000095367433,26.000000432133675
nigra_medium,2010,7,141.55379868133397,23.08387098004741,1.700000025331974
nigra_medium,2010,8,124.86681453406476,21.91612908147997,14.79999989271164
nigra_medium,2010,9,76.93582816231647,16.250000063578288,14.90000033378601
nigra_medium,2010,10,43.84364695516802,10.777419320998654,27.499999657273293
nigra_medium,2010,11,17.088086209333344,5.4833332896232605,50.19999999552965
nigra_medium,2010,12,14.015819405152197,4.729032230954016,116.20000072568656
nigra_medium,2011,1,7.4648183541023165,2.735483886013108,14.199999913573263
nigra_medium,2011,2,10.983313260537798,3.8178571236452887,27.60000047832727
nigra_medium,2011,3,14.558763070392532,4.090322583673462,55.80000130832195
nigra_medium,2011,4,47.9296852511202,10.453333346048993,44.5000000372529
nigra_medium,2011,5,63.46298440291271,12.058064599190988,60.40000108629465
nigra_medium,2011,6,99.61372671478398,17.476666673024496,26.99999973922968
nigra_medium,2011,7,125.7735386053881,20.912903139668128,0.10000000149011612
nigra_medium,2011,8,123.87771300584798,21.77096785268476,0
nigra_medium,2011,9,80.65200674308034,16.903333377838134,1.9000000357627869
nigra_medium,2011,10,49.76387190093091,11.980645102839317,22.09999990463257
nigra_medium,2011,11,19.311080466553697,6.073333263397217,54.30000003427267
nigra_medium,2011,12,13.286758361463196,4.522580625309098,3.2000001072883606
nigra_medium,2012,1,10.380419434917211,3.603225815680719,12.300000257790089
nigra_medium,2012,2,0.7155213788783664,0.38965517076952705,4.0999999567866325
nigra_medium,2012,3,22.126854252906615,5.80322582034334,17.700000122189522
nigra_medium,2012,4,24.79574862739257,6.026666676998138,31.900000110268593
nigra_medium,2012,5,80.75946433979527,14.748387059857768,15.599999621510506
nigra_medium,2012,6,122.1454442661562,20.72333329518636,2.599999964237213
nigra_medium,2012,7,134.52865437476152,22.122580651314028,0.10000000149011612
nigra_medium,2012,8,139.27200349285422,24.00967727168914,1.0000000149011612
nigra_medium,2012,9,79.24557836231492,16.656666707992553,39.299999713897705
nigra_medium,2012,10,47.43194404883016,11.50967744088942,70.00000045448542
nigra_medium,2012,11,17.999489441381385,5.72666668271025,93.70000036805868
nigra_medium,2012,12,15.24866007002803,5.074193560308026,4.999999947845936
nigra_medium,2013,1,10.614394602635668,3.670967725015456,40.80000054091215
nigra_medium,2013,2,4.882996666099494,1.9392857325396369,36.90000092238188
nigra_medium,2013,3,17.560111572607784,4.783870941208255,88.89999961853027
nigra_medium,2013,4,35.72241848644776,8.176666663835446,18.40000012516975
nigra_medium,2013,5,51.45420271742675,10.119354778720488,18.000000089406967
nigra_medium,2013,6,90.20827789767608,16.086666711171468,0.20000000298023224
nigra_medium,2013,7,124.9845734492063,20.803225855673514,7.899999931454659
nigra_medium,2013,8,120.10915427582292,21.2161290876327,13.299999818205832
nigra_medium,2013,9,72.66854517012197,15.493333307902018,20.40000012516975
nigra_medium,2013,10,58.41022281509603,13.6967741135628,2.299999989569187
nigra_medium,2013,11,16.653905133736934,5.3666666815678274,19.50000048428774
nigra_medium,2013,12,9.604650969039186,3.448387046014109,66.09999752789736
nigra_medium,2014,1,11.38909587990042,3.8935483876735937,31.299999952316284
nigra_medium,2014,2,8.73747025753353,3.153571384825877,47.29999949038029
nigra_medium,2014,3,19.980941838048366,5.3290322153798995,22.79999938607216
nigra_medium,2014,4,51.129300530836815,11.033333269755046,18.2000003606081
nigra_medium,2014,5,70.24533627189221,13.125806439307429,19.69999960809946
nigra_medium,2014,6,92.51710991028725,16.429999955495198,18.69999960064888
nigra_medium,2014,7,124.77586542826648,20.774193486859723,0
nigra_medium,2014,8,120.78695458618618,21.316129130701864,0
nigra_medium,2014,9,78.3544279726001,16.500000095367433,10.499999977648258
nigra_medium,2014,10,58.16336958640649,13.64838710907967,16.999999821186066
nigra_medium,2014,11,22.718608011292535,6.956666696071625,77.2000003606081
nigra_medium,2014,12,10.144700484430585,3.609677421710184,13.800000354647636
nigra_medium,2015,1,10.380419362000833,3.603225794530684,30.200000129640102
nigra_medium,2015,2,1.7376453233206408,0.817857160099915,18.799999833106995
nigra_medium,2015,3,27.9984894293934,7.06451617517779,28.200000144541264
nigra_medium,2015,4,43.97020189438493,9.726666657129924,38.29999938607216
nigra_medium,2015,5,83.49386523932593,15.16451617210142,15.299999982118608
nigra_medium,2015,6,95.51246673683004,16.873333517710368,3.800000011920929
nigra_medium,2015,7,151.86397615020164,24.48064508745747,0
nigra_medium,2015,8,117.36071353681844,20.809677154787124,19.9999997317791
nigra_medium,2015,9,70.57803751957786,15.119999917348226,14.400000102818012
nigra_medium,2015,10,46.24126685512793,11.267741926254764,41.80000028014183
nigra_medium,2015,11,27.98260956227899,8.280000000695388,22.500000298023224
nigra_medium,2015,12,24.426973589796773,7.522580654390397,0.10000000149011612
nigra_medium,2016,1,17.764629049508052,5.645161298013503,8.900000162422657
nigra_medium,2016,2,10.874438913233236,3.7862069324172776,32.6000000834465
nigra_medium,2016,3,16.34853410160448,4.506451595214106,12.900000162422655
nigra_medium,2016,4,34.159664874868376,7.876666728655497,40.29999876022339
nigra_medium,2016,5,58.23728318362187,11.222580755910563,31.900000728666782
nigra_medium,2016,6,105.11777791777884,18.28000005086263,9.39999971538782
nigra_medium,2016,7,134.71647695288533,22.148387109079668,3.900000035762787
nigra_medium,2016,8,115.94698049320708,20.5999999507781,3.1000000089406967
nigra_medium,2016,9,84.5883479102694,17.590000089009603,0.7999999895691872
nigra_medium,2016,10,57.637323729774664,13.54516121648973,27.700000420212746
nigra_medium,2016,11,18.56514198787676,5.876666659116745,84.69999971985817
nigra_medium,2016,12,11.948681066922491,4.13870967395844,74.40000095963478
nigra_medium,2017,1,5.80220034070222,2.216129033796249,7.900000013411045
nigra_medium,2017,2,14.805701819268728,4.900000010217939,25.3999994546175
nigra_medium,2017,3,25.93066551374813,6.625806423925584,41.80000062286854
nigra_medium,2017,4,46.051932288218694,10.110000054041544,16.5999998152256
nigra_medium,2017,5,77.99816298893488,14.325806494682066,0.8999999910593033
nigra_medium,2017,6,118.369746325457,20.18666690190633,2.900000050663948
nigra_medium,2017,7,138.88299385770688,22.71935496791717,3.300000011920929
nigra_medium,2017,8,123.04347965258964,21.648387047552298,9.699999824166298
nigra_medium,2017,9,80.95663285898387,16.95666675567627,0
nigra_medium,2017,10,61.45211242351385,14.290322488354098,16.80000038444996
nigra_medium,2017,11,26.332612290167702,7.869999927282333,57.099999129772186
nigra_medium,2017,12,8.140389448888454,3.0032258007314896,19.600000023841854
nigra_medium,2018,1,10.603233459931474,3.6677418988077872,28.100000105798244
nigra_medium,2018,2,3.13539557871452,1.339285712423069,13.099999971687794
nigra_medium,2018,3,12.52250406555603,3.606451644051459,150.6999977454543
nigra_medium,2018,4,32.179840511903194,7.493333347638448,43.80000005662441
nigra_medium,2018,5,49.653590986864835,9.822580660543132,27.39999984204769
nigra_medium,2018,6,93.506315814555,16.576666609446207,5.999999962747097
nigra_medium,2018,7,129.59051787525178,21.44193550848192,0
nigra_medium,2018,8,118.602760697102,20.993548362485825,13.200000122189522
nigra_medium,2018,9,77.93786352571937,16.42666664123535,60.299998827278614
nigra_medium,2018,10,42.05941232356496,10.409677474729476,53.90000008791685
nigra_medium,2018,11,18.35111334156382,5.820000044504801,54.29999966174364
nigra_medium,2018,12,24.86635122199543,7.6354839128832674,3.799999952316284
nigra_medium,2019,1,10.391541573737411,3.60645160559685,23.49999949336052
nigra_medium,2019,2,16.947764435632838,5.485714329140527,15.60000041872263
nigra_medium,2019,3,27.830276535459213,7.0290322688318065,15.800000101327896
nigra_medium,2019,4,27.611018841731237,6.593333310385545,63.999999694526196
nigra_medium,2019,5,74.73077052493706,13.82258067592498,7.100000098347664
nigra_medium,2019,6,104.95722638600148,18.256666628519692,0.800000011920929
nigra_medium,2019,7,133.9654453723605,22.045161278017105,1.199999988079071
nigra_medium,2019,8,122.60478363577342,21.583871041574785,0.8000000268220901
nigra_medium,2019,9,76.59599992266642,16.190000025431313,41.29999970644712
nigra_medium,2019,10,54.00985024898179,12.829032244220857,9.100000202655792
nigra_medium,2019,11,15.435935086486117,5.036666681369145,45.20000008493662
nigra_medium,2019,12,20.338097967987864,6.454838729673816,31.90000069141388
nigra_medium,2020,1,10.692576140813026,3.69354838998087,34.20000047981739
nigra_medium,2020,2,26.67457722217292,8.013793073851486,0
nigra_medium,2020,3,25.35761548941099,6.503225757229712,38.40000031143427
nigra_medium,2020,4,30.882267306728096,7.240000025431315,76.2999988347292
nigra_medium,2020,5,74.2509953505584,13.748387059857768,59.499999180436134
nigra_medium,2020,6,100.7744110108503,17.64666659037272,0.5
nigra_medium,2020,7,143.40221640827528,23.33548373560752,24.699999906122684
nigra_medium,2020,8,127.33416327466104,22.277419336380497,0.699999988079071
nigra_medium,2020,9,77.74863716323435,16.39333330790202,18.20000020414591
nigra_medium,2020,10,45.21340385236504,11.058064614572832,19.70000024139881
nigra_medium,2020,11,29.363181572345553,8.620000036557515,39.1000000089407
nigra_medium,2020,12,10.94169134773829,3.845161294023837,10.699999995529652
nigra_medium,2021,1,10.536307683796275,3.648387081680759,22.599999956786633
nigra_medium,2021,2,21.35123451304074,6.653571414096015,10.69999998062849
nigra_medium,2021,3,25.25228413138916,6.4806451297575425,13.300000220537186
nigra_medium,2021,4,35.49598022517158,8.13333339691162,45.09999995678663
nigra_medium,2021,5,73.14736925577965,13.577419327151391,38.39999909698963
nigra_medium,2021,6,99.2046018450693,17.416666634877522,22.099999643862247
nigra_medium,2021,7,139.30786986819956,22.77741930561681,0.20000000298023224
nigra_medium,2021,8,127.7093629020922,22.332257978377804,1.6000000312924385
nigra_medium,2021,9,82.82656153687064,17.283333237965902,6.500000089406967
nigra_medium,2021,10,52.95517332425395,12.619354863320629,15.500000037252905
nigra_medium,2021,11,13.166701351154058,4.410000022749106,22.10000007599592
nigra_medium,2021,12,18.013440038141972,5.832258076917741,7.099999904632568
nigra_medium,2022,1,11.174880722546815,3.8322580886944646,3.000000037252903
nigra_medium,2022,2,21.036170357853266,6.571428579943521,38.800000339746475
nigra_medium,2022,3,15.20688801896791,4.241935499252811,119.30000084638596
nigra_medium,2022,4,28.86852054554473,6.84333333770434,39.8000008687377
nigra_medium,2022,5,84.34476267754334,15.293548384020406,34.199999645352364
nigra_medium,2022,6,120.43106785627604,20.480000082651777,1.7000000476837158
nigra_medium,2022,7,149.8784763892924,24.2129032996393,0
nigra_medium,2022,8,145.24168710086593,24.86666679382324,0
